DATE,LOL,HON,DO2,GW2,XIV,WOW,ESO,EQN,WIS
6/7/2014 2:15,1,1,1,1,1,1,1,1,1
6/7/2014 2:20,14,1,11,4,3,4,1,1,10
6/7/2014 2:31,62,1,36,5,6,8,7,2,26
6/7/2014 2:40,111,3,25,3,7,12,5,2,26
6/7/2014 2:50,49,1,35,5,11,12,4,1,36
6/7/2014 3:01,46,1,40,5,4,13,5,1,46
6/7/2014 3:10,100,1,30,4,12,7,2,2,40
6/7/2014 3:20,48,1,39,4,8,13,5,1,29
6/7/2014 3:31,54,2,32,2,8,11,6,2,26
6/7/2014 3:40,98,2,31,3,10,5,1,3,22
6/7/2014 3:50,45,1,35,5,8,10,3,1,22
6/7/2014 4:01,39,2,30,4,6,12,4,2,30
6/7/2014 4:10,103,1,30,4,7,3,5,2,28
6/7/2014 4:20,61,1,38,4,6,8,5,2,30
6/7/2014 4:31,46,1,36,7,6,10,5,1,25
6/7/2014 4:40,96,1,23,5,13,6,3,1,25
6/7/2014 4:50,60,1,41,4,7,12,3,1,31
6/7/2014 5:01,63,1,31,5,11,14,5,2,24
6/7/2014 5:10,88,2,39,2,12,10,16,1,29
6/7/2014 5:20,63,1,38,7,10,4,11,1,22
6/7/2014 5:31,55,1,40,3,12,9,12,1,22
6/7/2014 5:40,89,1,29,5,4,12,7,1,16
6/7/2014 5:50,31,1,17,2,4,8,5,1,7
6/7/2014 6:01,60,2,38,3,11,9,3,1,26
6/7/2014 6:10,103,2,32,3,9,6,5,1,18
6/7/2014 6:20,63,1,26,4,11,9,6,1,13
6/7/2014 6:31,61,1,42,8,6,3,10,1,21
6/7/2014 6:40,94,2,32,1,6,6,5,2,23
6/7/2014 6:50,63,1,42,4,12,7,4,3,26
6/7/2014 7:01,41,1,29,4,6,8,11,2,26
6/7/2014 7:10,123,2,49,5,3,8,6,1,28
6/7/2014 7:20,72,1,45,4,12,17,10,1,26
6/7/2014 7:31,62,1,34,9,7,8,11,1,21
6/7/2014 7:40,121,1,40,6,6,14,7,2,14
6/7/2014 7:50,73,1,39,4,6,27,6,1,26
6/7/2014 8:01,77,1,37,6,7,18,9,1,30
6/7/2014 8:10,128,2,31,5,9,11,4,1,23
6/7/2014 8:20,77,1,51,7,5,14,7,1,26
6/7/2014 8:31,58,1,40,8,8,8,8,3,30
6/7/2014 8:40,144,1,43,7,11,4,9,2,27
6/7/2014 8:50,91,2,45,9,13,8,9,1,35
6/7/2014 9:01,48,2,52,6,7,11,7,1,25
6/7/2014 9:10,179,3,48,3,9,13,13,1,29
6/7/2014 9:20,117,1,53,6,9,13,12,1,30
6/7/2014 9:31,72,2,44,8,8,21,11,3,33
6/7/2014 9:40,208,1,45,4,7,15,11,2,28
6/7/2014 9:50,93,1,63,6,14,12,8,1,39
6/7/2014 10:01,84,1,92,8,5,9,7,1,36
6/7/2014 10:10,212,1,48,7,13,14,10,2,36
6/7/2014 10:20,185,2,66,8,9,16,10,2,31
6/7/2014 10:31,83,1,57,5,10,10,7,1,30
6/7/2014 10:40,179,1,61,5,12,11,9,1,39
6/7/2014 10:50,106,2,51,5,7,10,4,2,26
6/7/2014 11:01,83,1,39,4,8,17,7,2,50
6/7/2014 11:10,196,1,44,4,13,10,12,1,36
6/7/2014 11:20,113,1,53,10,13,6,7,2,40
6/7/2014 11:31,67,1,47,6,13,11,13,1,49
6/7/2014 11:40,194,2,61,2,7,10,10,1,39
6/7/2014 11:50,87,1,48,8,11,13,12,2,54
6/7/2014 12:01,66,1,46,6,8,19,11,2,53
6/7/2014 12:10,195,2,45,4,8,10,11,3,36
6/7/2014 12:20,105,1,44,4,11,5,14,2,46
6/7/2014 12:31,78,3,40,6,13,7,11,1,35
6/7/2014 12:40,183,1,41,4,12,5,10,1,41
6/7/2014 12:50,72,1,57,8,12,16,14,1,39
6/7/2014 13:01,121,1,44,10,10,19,8,2,44
6/7/2014 13:10,164,1,32,7,13,21,11,3,43
6/7/2014 13:20,104,1,43,7,12,10,12,2,32
6/7/2014 13:30,62,1,33,6,15,8,8,1,41
6/7/2014 13:40,171,1,36,6,7,15,13,2,35
6/7/2014 13:50,135,1,42,7,11,13,9,2,33
6/7/2014 14:00,103,1,33,3,16,8,12,2,42
6/7/2014 14:10,146,1,29,2,5,6,8,2,29
6/7/2014 14:20,96,1,26,5,9,6,10,1,31
6/7/2014 14:40,108,1,35,5,8,8,14,1,75
6/7/2014 14:50,74,1,24,4,5,9,9,1,36
6/7/2014 15:00,70,1,27,4,8,6,13,1,48
6/7/2014 15:10,109,2,26,3,7,6,11,1,41
6/7/2014 15:20,141,1,24,5,11,11,8,2,32
6/7/2014 15:30,87,1,23,6,9,11,21,2,45
6/7/2014 15:40,90,1,15,3,3,9,13,1,24
6/7/2014 15:50,66,1,29,7,8,12,9,1,29
6/7/2014 16:00,62,1,27,5,5,10,9,1,35
6/7/2014 16:10,75,2,30,5,10,12,8,1,40
6/7/2014 16:20,106,2,32,1,11,9,12,1,36
6/7/2014 16:30,55,1,133,2,11,12,15,1,35
6/7/2014 16:40,84,1,26,4,7,9,6,1,35
6/7/2014 16:50,64,2,22,7,8,10,13,1,25
6/7/2014 17:00,65,1,25,3,12,8,12,1,56
6/7/2014 17:10,60,3,26,2,8,12,9,1,46
6/7/2014 17:20,75,1,21,5,9,5,3,1,30
6/7/2014 17:40,51,2,25,6,11,20,17,2,65
6/7/2014 17:50,49,1,19,3,8,6,6,1,32
6/7/2014 18:10,71,3,16,4,16,10,3,1,34
6/7/2014 18:20,63,1,23,3,12,6,7,2,30
6/7/2014 18:40,55,1,22,6,8,10,11,2,50
6/7/2014 18:50,61,1,18,3,12,9,6,1,27
6/7/2014 19:10,52,1,28,3,6,9,7,1,76
6/7/2014 19:20,75,1,46,11,14,21,13,2,42
6/7/2014 19:30,67,1,51,6,13,16,14,1,33
6/7/2014 19:40,69,2,43,7,9,17,8,1,46
6/7/2014 19:50,65,1,27,5,11,10,22,1,27
6/7/2014 20:00,58,1,18,3,9,13,8,1,39
6/7/2014 20:10,62,1,22,6,11,6,7,1,21
6/7/2014 20:20,64,1,36,2,11,13,8,1,36
2014-06-08 00:00,36,1,29,5,11,3,8,1,28
2014-06-08 00:08,45,1,27,3,9,3,8,1,20
2014-06-08 00:10,9,1,9,1,1,2,1,1,6
2014-06-08 00:20,55,1,30,2,11,5,7,1,28
2014-06-08 00:24,18,1,22,5,2,4,1,1,15
2014-06-08 00:30,19,1,19,2,7,5,7,1,10
2014-06-08 00:40,46,1,31,4,10,6,8,1,22
2014-06-08 00:50,29,1,24,4,10,8,2,1,21
2014-06-08 01:00,32,1,31,5,9,4,7,1,22
2014-06-08 01:10,66,2,29,2,13,41,14,1,21
2014-06-08 01:20,61,1,30,7,7,15,7,1,27
2014-06-08 01:30,50,1,30,2,8,8,7,1,18
2014-06-08 01:40,111,1,24,4,6,6,7,2,14
2014-06-08 01:50,92,1,34,3,7,8,6,2,21
2014-06-08 02:00,38,1,40,4,6,9,5,2,22
2014-06-08 02:10,123,1,33,6,7,11,1,1,23
2014-06-08 02:20,57,2,44,2,9,9,7,2,26
2014-06-08 02:30,38,1,31,6,6,4,9,1,25
2014-06-08 02:40,110,2,34,6,9,1,9,1,17
2014-06-08 02:50,50,1,36,3,6,7,6,1,21
2014-06-08 03:00,41,2,34,5,6,12,9,1,35
2014-06-08 03:10,105,1,36,5,6,10,4,1,53
2014-06-08 03:20,65,1,34,9,10,10,8,10,39
2014-06-08 03:30,59,1,32,6,11,10,3,1,35
2014-06-08 03:40,144,2,24,3,7,7,7,1,28
2014-06-08 03:50,70,1,37,7,8,7,4,1,22
2014-06-08 04:00,41,1,36,3,13,10,6,1,28
2014-06-08 04:10,125,1,15,1,11,16,9,1,29
2014-06-08 04:20,52,1,32,2,14,9,4,1,20
2014-06-08 04:30,41,1,44,6,6,12,8,1,14
2014-06-08 04:40,121,1,34,1,8,4,7,2,19
2014-06-08 04:50,62,2,20,2,9,6,2,1,25
2014-06-08 05:00,40,2,25,7,7,7,4,1,30
2014-06-08 05:10,124,1,33,1,9,5,4,3,24
2014-06-08 05:20,63,1,32,5,12,5,5,1,15
2014-06-08 05:30,54,1,28,3,6,7,4,1,18
2014-06-08 05:40,107,1,23,4,5,7,5,1,19
2014-06-08 05:50,58,1,38,7,4,9,3,2,25
2014-06-08 06:00,37,1,43,7,7,9,7,1,30
2014-06-08 06:10,129,3,26,7,9,6,5,1,24
2014-06-08 06:20,87,2,30,11,9,6,3,1,25
2014-06-08 06:30,68,1,41,8,6,11,6,1,18
2014-06-08 06:40,140,2,31,3,9,7,4,1,25
2014-06-08 06:50,52,1,27,4,10,3,5,2,16
2014-06-08 07:00,44,1,33,5,10,12,3,1,20
2014-06-08 07:10,120,1,40,6,10,4,7,1,19
2014-06-08 07:20,62,1,44,9,16,7,12,1,24
2014-06-08 07:30,43,1,51,8,6,11,7,1,32
2014-06-08 07:40,153,1,56,3,7,11,7,1,21
2014-06-08 07:50,93,1,55,6,9,10,8,1,21
2014-06-08 08:00,80,1,52,7,7,9,7,1,30
2014-06-08 08:10,162,2,60,7,7,7,10,2,19
2014-06-08 08:20,95,2,53,6,7,7,4,2,32
2014-06-08 08:30,52,1,41,6,7,10,7,1,20
2014-06-08 08:40,169,1,49,5,6,3,7,1,25
2014-06-08 08:50,92,2,80,5,9,7,7,1,26
2014-06-08 09:00,40,1,75,3,8,9,8,2,29
2014-06-08 09:10,201,1,48,3,9,11,5,1,23
2014-06-08 09:20,109,1,56,4,11,13,11,1,26
2014-06-08 09:30,57,2,95,3,7,8,3,3,26
2014-06-08 09:40,174,1,88,2,8,5,14,1,23
2014-06-08 09:50,89,2,344,7,10,10,8,1,24
2014-06-08 10:00,64,1,323,3,14,7,4,1,31
2014-06-08 10:10,166,2,137,7,11,9,7,1,34
2014-06-08 10:20,179,1,125,2,11,34,8,1,26
2014-06-08 10:30,61,1,135,7,12,9,6,1,28
2014-06-08 10:40,175,1,107,4,6,12,14,1,38
2014-06-08 10:50,67,1,76,7,11,8,13,2,26
2014-06-08 11:00,53,2,81,6,12,8,8,2,61
2014-06-08 11:10,146,1,88,3,7,11,11,1,66
2014-06-08 11:20,115,1,77,10,14,4,7,1,49
2014-06-08 11:30,78,1,72,4,12,8,9,2,43
2014-06-08 11:40,146,1,79,6,7,15,13,2,28
2014-06-08 11:50,76,1,58,5,15,12,18,2,40
2014-06-08 12:00,73,1,75,5,11,9,6,1,39
2014-06-08 12:10,154,3,53,9,11,10,21,2,48
2014-06-08 12:20,114,2,63,4,14,10,15,1,51
2014-06-08 12:30,81,1,56,4,4,8,10,2,207
2014-06-08 12:40,109,1,47,5,12,9,10,3,36
2014-06-08 12:50,73,1,50,4,13,5,14,1,47
2014-06-08 13:00,70,2,59,8,5,30,11,1,35
2014-06-08 13:10,124,2,56,5,16,16,11,1,35
2014-06-08 13:20,79,1,50,7,9,13,7,1,37
2014-06-08 13:30,90,1,46,6,3,7,10,1,37
2014-06-08 13:40,85,1,33,6,4,7,6,1,48
2014-06-08 13:50,80,1,41,6,5,13,10,1,40
2014-06-08 14:00,102,1,49,4,9,13,10,4,79
2014-06-08 14:10,114,1,40,5,11,11,11,2,42
2014-06-08 14:20,94,1,26,4,13,7,13,1,52
2014-06-08 14:30,66,1,27,5,8,10,18,1,39
2014-06-08 14:40,90,1,31,6,11,8,12,1,23
2014-06-08 14:50,71,1,31,3,4,44,6,1,39
2014-06-08 15:00,86,1,31,2,16,13,8,1,34
2014-06-08 15:10,118,1,32,8,5,11,11,1,34
2014-06-08 15:20,171,1,36,8,8,9,10,1,30
2014-06-08 15:30,67,1,30,4,9,11,8,1,56
2014-06-08 15:40,123,2,29,5,13,11,13,1,28
2014-06-08 15:50,102,2,26,5,12,6,14,1,33
2014-06-08 16:00,72,1,34,10,7,9,12,2,40
2014-06-08 16:10,74,2,26,7,10,19,9,1,47
2014-06-08 16:20,81,1,34,5,13,11,17,1,35
2014-06-08 16:40,63,1,25,3,6,7,0,1,73
2014-06-08 16:50,65,1,28,10,7,11,9,1,39
2014-06-08 17:00,56,1,32,7,6,8,9,2,51
2014-06-08 17:10,56,1,43,5,10,10,4,1,40
2014-06-08 17:20,83,1,31,2,12,11,11,1,36
2014-06-08 17:30,56,1,38,7,9,9,15,2,42
2014-06-08 17:40,54,1,37,3,11,5,12,1,40
2014-06-08 17:50,72,1,22,10,14,7,15,1,42
2014-06-08 18:10,114,2,34,11,16,20,13,1,61
2014-06-08 18:20,66,1,27,6,10,6,16,2,79
2014-06-08 18:40,52,1,25,9,7,11,14,1,45
2014-06-08 18:50,53,1,31,2,12,6,8,1,34
2014-06-08 19:00,66,1,22,3,11,13,15,1,47
2014-06-08 19:10,78,2,42,5,9,12,16,1,47
2014-06-08 19:20,87,2,52,11,10,18,15,1,49
2014-06-08 19:30,76,1,47,6,20,25,21,1,46
2014-06-08 19:40,61,1,59,10,23,19,19,1,39
2014-06-08 19:50,65,2,32,9,17,21,18,2,50
2014-06-08 20:00,49,1,43,3,14,12,15,1,45
2014-06-08 20:10,42,1,34,4,15,6,10,1,43
2014-06-08 20:20,62,1,36,12,18,22,15,2,55
2014-06-08 20:30,57,2,37,6,13,17,21,1,41
2014-06-08 20:40,67,1,35,8,30,15,12,1,36
2014-06-08 20:50,65,1,45,4,26,12,8,1,40
2014-06-08 21:00,53,1,49,5,23,9,13,3,51
2014-06-08 21:10,33,2,40,4,22,10,19,1,43
2014-06-08 21:20,44,1,49,8,9,13,16,1,38
2014-06-08 21:30,50,2,28,3,24,8,20,2,40
2014-06-08 21:40,41,1,18,4,18,8,10,1,24
2014-06-08 21:50,53,1,24,3,18,8,15,1,27
2014-06-08 22:00,34,1,48,5,15,4,8,1,22
2014-06-08 22:10,40,1,49,4,16,9,11,1,32
2014-06-08 22:20,80,1,41,7,19,11,11,2,27
2014-06-08 22:40,56,1,32,2,20,6,12,2,45
2014-06-08 22:50,57,1,36,8,14,8,12,1,25
2014-06-08 23:00,56,1,38,4,15,5,11,1,33
2014-06-08 23:10,46,1,36,7,13,10,12,1,26
2014-06-08 23:20,48,2,71,6,25,9,10,1,21
2014-06-08 23:30,43,1,32,6,19,7,17,1,23
2014-06-08 23:40,31,2,26,6,12,13,9,1,28
2014-06-08 23:50,42,1,30,13,15,12,9,1,18
2014-06-09 00:00,42,2,30,6,19,5,13,1,22
2014-06-09 00:10,42,3,29,10,29,9,7,1,24
2014-06-09 00:20,57,1,23,4,22,10,11,1,29
2014-06-09 00:30,22,1,18,3,10,3,11,1,7
2014-06-09 00:40,47,1,29,4,14,4,4,1,23
2014-06-09 00:50,41,1,33,3,24,9,9,1,27
2014-06-09 01:00,32,1,25,3,13,25,10,1,24
2014-06-09 01:10,44,1,25,3,9,5,4,1,22
2014-06-09 01:20,37,1,31,4,10,5,4,1,27
2014-06-09 01:30,31,1,25,5,7,7,3,1,21
2014-06-09 01:40,41,2,25,3,12,9,3,1,18
2014-06-09 01:50,37,1,47,4,10,6,7,1,26
2014-06-09 02:00,28,2,34,3,7,8,5,2,20
2014-06-09 02:10,50,2,30,3,7,11,5,2,17
2014-06-09 02:20,63,1,30,2,12,8,5,1,22
2014-06-09 02:30,34,1,35,2,9,12,5,1,28
2014-06-09 02:40,52,1,34,5,9,3,7,2,40
2014-06-09 02:50,46,1,33,5,9,5,3,1,31
2014-06-09 03:00,39,1,31,4,11,7,3,1,29
2014-06-09 03:10,58,2,28,6,13,9,3,2,30
2014-06-09 03:20,47,1,25,4,6,9,5,1,31
2014-06-09 03:30,46,1,55,2,7,12,7,1,26
2014-06-09 03:40,54,1,40,1,6,6,3,2,20
2014-06-09 03:50,43,2,47,6,8,29,3,1,32
2014-06-09 04:00,41,1,40,3,12,22,3,1,30
2014-06-09 04:10,71,1,41,1,8,25,3,1,23
2014-06-09 04:20,46,1,36,2,9,20,3,1,17
2014-06-09 04:30,43,1,34,7,4,19,4,1,26
2014-06-09 04:40,93,1,25,9,5,21,3,1,30
2014-06-09 04:50,61,1,71,5,12,17,2,1,38
2014-06-09 05:00,52,1,30,3,19,18,4,1,35
2014-06-09 05:10,88,2,37,5,10,20,8,1,33
2014-06-09 05:20,57,2,38,8,11,24,15,1,29
2014-06-09 05:30,43,1,29,2,7,12,8,2,37
2014-06-09 05:40,97,2,31,2,7,13,5,1,20
2014-06-09 05:50,73,2,38,5,9,20,11,1,23
2014-06-09 06:00,41,1,37,3,7,18,8,1,31
2014-06-09 06:10,87,2,51,5,9,19,9,1,27
2014-06-09 06:20,72,2,46,6,10,16,9,1,35
2014-06-09 06:30,49,1,49,13,7,8,6,1,29
2014-06-09 06:40,143,1,32,5,9,10,9,1,19
2014-06-09 06:50,83,1,42,4,8,8,4,1,37
2014-06-09 07:00,55,1,54,2,72,12,9,1,54
2014-06-09 07:10,115,1,47,3,38,11,9,1,33
2014-06-09 07:20,96,1,52,4,23,4,10,1,29
2014-06-09 07:30,53,1,53,5,14,8,8,1,32
2014-06-09 07:40,127,1,49,5,18,9,13,1,37
2014-06-09 07:50,96,1,73,7,16,13,11,1,31
2014-06-09 08:00,58,1,52,5,28,8,11,1,33
2014-06-09 08:10,196,2,59,11,17,3,7,3,32
2014-06-09 08:20,99,1,69,8,19,4,7,1,32
2014-06-09 08:30,83,2,86,6,22,8,5,2,41
2014-06-09 08:40,177,1,81,4,11,11,9,1,31
2014-06-09 08:50,75,1,83,11,22,7,12,1,25
2014-06-09 09:00,73,1,58,3,20,8,11,2,32
2014-06-09 09:10,90,1,61,4,21,11,16,1,46
2014-06-09 09:20,85,1,58,5,12,9,15,2,38
2014-06-09 09:30,87,1,68,5,7,8,9,2,49
2014-06-09 09:40,59,1,46,6,14,9,15,1,37
2014-06-09 09:50,61,1,55,8,16,12,9,1,40
2014-06-09 10:00,74,1,74,5,8,13,15,2,51
2014-06-09 10:10,55,1,51,5,16,11,40,1,49
2014-06-09 10:20,178,3,62,13,18,8,27,2,33
2014-06-09 10:30,67,1,80,7,8,9,21,2,29
2014-06-09 10:40,93,1,98,9,6,9,13,1,100
2014-06-09 10:50,62,1,119,6,14,4,16,1,80
2014-06-09 11:00,70,1,157,5,12,13,19,1,68
2014-06-09 11:10,60,2,87,3,13,11,22,1,50
2014-06-09 11:20,121,1,71,5,14,16,12,1,54
2014-06-09 11:40,104,1,89,7,16,27,23,3,118
2014-06-09 11:50,63,1,67,3,13,12,17,2,48
2014-06-09 12:00,72,1,55,2,11,14,24,2,54
2014-06-09 12:10,70,2,46,5,11,10,20,1,48
2014-06-09 12:20,160,3,70,3,17,21,22,9,59
2014-06-09 12:40,93,1,33,4,18,31,19,7,76
2014-06-09 12:50,86,2,121,6,16,18,15,1,37
2014-06-09 13:00,92,2,54,13,12,6,12,1,43
2014-06-09 13:10,75,1,52,3,11,13,15,3,40
2014-06-09 13:20,94,1,85,5,14,12,17,1,41
2014-06-09 13:30,35,1,29,2,7,3,8,1,22
2014-06-09 13:40,86,2,40,5,10,14,12,1,34
2014-06-09 13:50,72,1,40,10,12,48,10,3,45
2014-06-09 14:00,75,2,61,5,15,14,16,4,58
2014-06-09 14:10,68,3,38,7,19,16,16,4,32
2014-06-09 14:20,64,3,27,3,23,13,16,3,41
2014-06-09 14:30,102,1,35,6,38,9,13,3,30
2014-06-09 14:40,575,3,352,6,5,13,10,4,38
2014-06-09 14:50,108,1,62,4,16,12,11,3,55
2014-06-09 15:00,96,1,35,4,11,5,8,4,39
2014-06-09 15:10,86,1,70,6,13,16,18,3,53
2014-06-09 15:20,114,1,56,7,28,10,13,1,33
2014-06-09 15:30,100,1,58,5,32,14,7,3,46
2014-06-09 15:40,65,1,32,1,14,19,15,1,34
2014-06-09 15:50,79,1,33,6,17,13,10,1,34
2014-06-09 16:00,78,1,41,6,45,7,13,1,47
2014-06-09 16:10,71,1,45,1,13,17,13,2,43
2014-06-09 16:20,55,1,16,5,8,10,8,1,27
2014-06-09 16:40,73,1,28,2,15,13,11,1,78
2014-06-09 16:50,76,1,26,4,15,10,15,2,56
2014-06-09 17:00,61,1,27,8,13,14,16,1,39
2014-06-09 17:10,55,2,21,2,6,16,18,1,43
2014-06-09 17:20,67,1,21,6,15,15,17,1,40
2014-06-09 17:30,67,1,30,4,8,11,14,1,49
2014-06-09 17:40,64,1,17,4,12,12,12,1,30
2014-06-09 17:50,68,1,23,10,14,13,15,1,48
2014-06-09 18:00,59,1,21,3,12,15,13,2,48
2014-06-09 18:10,55,2,18,3,22,14,4,2,36
2014-06-09 18:20,64,1,23,6,17,9,17,1,49
2014-06-09 18:30,45,1,29,7,21,10,16,2,32
2014-06-09 18:40,51,1,44,4,11,7,15,1,30
2014-06-09 18:50,51,1,52,4,16,9,9,2,33
2014-06-09 19:00,51,1,37,4,9,13,8,1,32
2014-06-09 19:10,61,3,37,6,13,17,13,1,38
2014-06-09 19:20,69,2,58,5,23,24,19,3,42
2014-06-09 19:30,68,1,86,9,24,16,12,3,31
2014-06-09 19:40,63,1,49,9,18,15,14,1,35
2014-06-09 19:50,69,1,29,8,16,11,13,1,32
2014-06-09 20:00,53,2,20,4,19,6,13,1,23
2014-06-09 20:10,42,1,46,7,15,10,8,1,27
2014-06-09 20:20,59,2,39,8,20,21,14,2,32
2014-06-09 20:30,75,1,61,4,10,20,16,1,40
2014-06-09 20:40,56,1,42,6,13,15,9,1,23
2014-06-09 20:50,65,2,47,5,13,8,26,1,39
2014-06-09 21:00,64,1,49,7,17,9,18,2,36
2014-06-09 21:10,59,1,42,10,12,16,15,1,32
2014-06-09 21:20,76,1,62,3,15,21,31,3,30
2014-06-09 21:30,61,1,37,4,20,9,27,1,24
2014-06-09 21:40,1,1,1,1,1,1,1,1,1
2014-06-09 21:50,1,1,1,1,1,1,1,1,1
2014-06-09 22:00,1,1,1,1,1,1,1,1,1
2014-06-09 22:10,60,1,38,3,25,10,14,1,32
2014-06-09 22:20,52,1,40,4,30,12,27,1,36
2014-06-09 22:30,35,1,36,3,21,8,25,2,33
2014-06-09 22:40,32,1,41,4,14,12,16,1,24
2014-06-09 22:50,44,1,33,5,15,12,22,2,32
2014-06-09 23:00,49,1,32,2,5,11,10,1,26
2014-06-09 23:10,42,1,27,4,11,11,6,1,21
2014-06-09 23:20,45,1,32,4,21,13,15,3,26
2014-06-09 23:30,48,1,37,4,16,30,13,1,21
2014-06-09 23:40,34,1,33,3,9,19,6,1,18
2014-06-09 23:50,44,1,29,6,12,21,16,1,21
2014-06-10 00:00,34,1,27,1,10,9,10,1,16
2014-06-10 00:10,32,1,24,3,14,8,9,1,22
2014-06-10 00:20,41,1,31,3,12,9,19,2,24
2014-06-10 00:30,29,1,21,2,30,10,6,1,19
2014-06-10 00:40,31,2,37,2,8,12,7,1,26
2014-06-10 00:50,35,2,31,4,17,7,9,1,19
2014-06-10 01:00,32,1,28,5,10,9,16,1,15
2014-06-10 01:10,39,2,24,3,13,12,6,1,22
2014-06-10 01:20,41,1,26,5,14,8,14,1,28
2014-06-10 01:30,32,1,36,4,12,4,4,1,19
2014-06-10 01:40,34,2,21,2,9,8,10,1,18
2014-06-10 01:50,35,1,28,3,15,11,6,2,23
2014-06-10 02:00,41,1,29,4,8,1,7,1,17
2014-06-10 02:10,31,2,26,1,7,10,6,2,14
2014-06-10 02:20,28,1,30,3,11,8,5,1,22
2014-06-10 02:30,28,1,31,4,18,6,11,1,31
2014-06-10 02:40,35,1,35,8,18,7,8,1,46
2014-06-10 02:50,37,1,48,5,10,11,6,2,28
2014-06-10 03:00,40,1,32,3,12,4,3,2,11
2014-06-10 03:10,27,2,26,4,12,1,4,1,29
2014-06-10 03:20,35,1,38,2,13,12,4,1,18
2014-06-10 03:30,27,2,31,6,5,5,8,1,15
2014-06-10 03:40,31,1,35,6,15,43,6,1,23
2014-06-10 03:50,35,3,32,2,11,6,6,1,28
2014-06-10 04:00,24,2,39,6,13,4,7,1,30
2014-06-10 04:10,40,1,39,3,45,3,6,1,34
2014-06-10 04:20,45,1,43,9,22,4,5,1,39
2014-06-10 04:30,32,1,32,5,16,5,3,1,35
2014-06-10 04:40,1,1,1,1,1,1,1,1,1
2014-06-10 04:50,1,1,1,1,1,1,1,1,1
2014-06-10 05:00,1,1,1,1,1,1,1,1,1
2014-06-10 05:10,39,2,35,3,14,10,3,2,38
2014-06-10 05:20,46,1,35,6,15,10,5,1,29
2014-06-10 05:30,65,1,32,3,8,13,4,1,13
2014-06-10 05:40,62,2,46,4,17,16,6,2,19
2014-06-10 05:50,89,1,39,2,10,11,7,1,23
2014-06-10 06:00,69,1,39,4,9,13,4,1,23
2014-06-10 06:10,61,2,44,4,17,13,9,1,17
2014-06-10 06:20,68,1,61,5,14,9,8,1,27
2014-06-10 06:30,52,1,56,2,14,3,9,2,18
2014-06-10 06:40,42,1,42,6,19,8,6,2,18
2014-06-10 06:50,62,1,53,4,17,7,5,1,22
2014-06-10 07:00,49,3,50,4,9,16,7,2,32
2014-06-10 07:10,58,1,51,5,16,10,7,1,30
2014-06-10 07:20,63,1,52,4,13,6,7,1,20
2014-06-10 07:30,67,1,47,2,9,8,10,2,24
2014-06-10 07:40,48,1,40,4,16,3,10,2,24
2014-06-10 07:50,78,1,63,4,17,12,12,1,30
2014-06-10 08:00,57,3,48,7,18,6,14,1,31
2014-06-10 08:10,112,1,40,8,15,4,6,2,31
2014-06-10 08:20,82,1,90,5,14,8,12,1,28
2014-06-10 08:30,70,2,82,10,11,11,8,1,24
2014-06-10 08:40,85,1,64,4,8,11,13,2,37
2014-06-10 08:50,109,1,65,4,14,10,7,2,25
2014-06-10 09:00,73,1,39,5,8,21,12,2,50
2014-06-10 09:10,69,3,57,8,10,14,10,1,40
2014-06-10 09:20,78,1,65,9,17,42,11,3,37
2014-06-10 09:30,87,1,60,10,37,8,5,3,36
2014-06-10 09:40,77,1,59,6,24,11,12,3,30
2014-06-10 09:50,112,1,63,10,42,10,16,1,40
2014-06-10 10:00,69,2,42,5,15,6,8,1,45
2014-06-10 10:10,88,2,57,5,17,8,10,1,64
2014-06-10 10:20,100,1,51,9,13,9,9,3,37
2014-06-10 10:30,71,2,43,8,10,9,11,1,35
2014-06-10 10:40,86,1,64,5,9,28,9,1,46
2014-06-10 10:50,106,1,70,7,10,20,9,1,54
2014-06-10 11:00,93,2,71,12,11,14,11,3,46
2014-06-10 11:10,1,1,1,1,1,1,1,1,1
2014-06-10 11:20,1,1,1,1,1,1,1,1,1
2014-06-10 11:30,1,1,1,1,1,1,1,1,1
2014-06-10 11:40,113,2,42,6,12,10,9,2,44
2014-06-10 11:50,112,1,53,6,25,10,12,3,37
2014-06-10 12:00,129,4,49,8,25,14,14,2,28
2014-06-10 12:10,112,4,49,4,24,10,11,3,47
2014-06-10 12:20,103,2,31,2,76,5,15,1,41
2014-06-10 12:30,59,1,46,3,17,7,7,1,21
2014-06-10 12:40,120,1,43,4,27,9,6,1,37
2014-06-10 12:50,118,2,37,4,17,8,12,3,51
2014-06-10 13:00,100,1,51,10,18,11,11,1,31
2014-06-10 13:10,76,3,65,9,19,7,15,1,47
2014-06-10 13:20,113,2,55,4,17,8,15,1,47
2014-06-10 13:30,107,1,46,6,28,11,13,3,47
2014-06-10 13:40,87,1,41,5,15,12,14,1,65
2014-06-10 13:50,1214,1,39,4,15,29,18,1,70
2014-06-10 14:00,114,1,28,5,12,7,4,1,57
2014-06-10 14:10,114,2,46,7,136,16,14,2,50
2014-06-10 14:20,131,1,60,15,81,12,18,1,61
2014-06-10 14:30,132,1,47,10,43,17,6,1,54
2014-06-10 14:40,97,1,42,5,64,13,10,1,35
2014-06-10 14:50,96,2,52,9,50,20,6,2,46
2014-06-10 15:00,141,1,35,6,62,14,13,2,33
2014-06-10 15:10,100,2,42,8,142,20,16,3,51
2014-06-10 15:20,136,1,45,8,108,15,9,1,48
2014-06-10 15:30,126,1,43,9,305,9,6,1,40
2014-06-10 15:40,141,1,65,12,194,13,10,1,42
2014-06-10 15:50,120,1,45,7,160,10,10,1,37
2014-06-10 16:00,77,1,55,5,104,7,7,1,33
2014-06-10 16:10,83,2,36,10,391,5,15,2,34
2014-06-10 16:20,80,1,44,4,224,17,11,3,38
2014-06-10 16:30,68,1,32,4,130,8,8,1,24
2014-06-10 16:40,69,2,28,2,295,12,11,2,25
2014-06-10 16:50,111,2,37,11,224,7,13,1,50
2014-06-10 17:00,86,2,40,9,199,9,13,1,41
2014-06-10 17:10,88,1,27,7,213,15,14,1,36
2014-06-10 17:20,80,1,28,4,186,9,12,1,34
2014-06-10 17:30,130,1,24,6,147,9,13,1,38
2014-06-10 17:40,84,2,28,9,97,11,11,1,34
2014-06-10 17:50,80,1,35,7,105,9,10,1,41
2014-06-10 18:00,81,1,20,6,125,14,7,3,31
2014-06-10 18:10,81,2,28,3,127,26,13,2,36
2014-06-10 18:20,83,1,57,6,113,24,8,3,36
2014-06-10 18:30,52,1,39,10,88,17,11,2,24
2014-06-10 18:40,45,1,31,7,69,12,8,6,18
2014-06-10 18:50,69,1,31,9,76,11,32,2,29
2014-06-10 19:00,63,1,30,5,58,17,13,5,19
2014-06-10 19:10,72,2,30,2,44,16,15,1,39
2014-06-10 19:20,78,1,49,11,65,27,11,1,33
2014-06-10 19:30,67,1,47,7,54,14,15,3,45
2014-06-10 19:40,50,1,45,6,44,20,26,2,31
2014-06-10 19:50,70,1,42,4,44,16,29,1,33
2014-06-10 20:00,68,1,42,2,43,13,19,2,22
2014-06-10 20:10,54,1,61,2,49,11,12,1,31
2014-06-10 20:20,50,1,44,4,49,40,13,1,36
2014-06-10 20:30,63,2,33,4,49,8,15,2,21
2014-06-10 20:40,61,1,34,5,44,12,22,2,25
2014-06-10 20:50,64,1,33,4,60,13,22,1,34
2014-06-10 21:00,59,1,46,7,41,15,12,1,24
2014-06-10 21:10,57,1,36,9,42,12,13,4,27
2014-06-10 21:20,56,1,36,6,50,15,19,2,28
2014-06-10 21:30,60,1,28,1,61,15,14,1,19
2014-06-10 21:40,53,1,30,2,31,9,20,2,19
2014-06-10 21:50,55,1,29,5,53,13,16,1,32
2014-06-10 22:00,30,1,28,1,27,8,16,2,24
2014-06-10 22:10,49,2,37,2,42,6,13,2,26
2014-06-10 22:20,44,1,36,2,43,12,26,1,25
2014-06-10 22:30,40,1,23,3,54,13,12,1,18
2014-06-10 22:40,38,1,31,5,49,10,12,2,19
2014-06-10 22:50,43,1,36,4,40,8,16,1,28
2014-06-10 23:00,30,1,28,3,24,5,10,1,22
2014-06-10 23:10,32,2,33,5,52,10,19,1,24
2014-06-10 23:20,30,1,40,7,55,10,18,1,23
2014-06-10 23:30,49,1,25,4,37,7,12,1,26
2014-06-10 23:40,43,1,28,1,28,7,17,1,22
2014-06-10 23:50,43,1,22,4,83,9,7,1,22
2014-06-11 00:00,40,1,14,2,42,8,12,1,22
2014-06-11 00:10,45,3,33,3,48,5,9,1,20
2014-06-11 00:20,41,1,21,3,36,6,12,1,28
2014-06-11 00:30,38,1,35,2,22,4,8,1,11
2014-06-11 00:40,33,1,46,3,28,17,5,1,19
2014-06-11 00:50,40,1,34,2,24,17,5,2,21
2014-06-11 01:00,37,1,50,3,24,5,5,1,13
2014-06-11 01:10,43,2,41,2,20,13,7,1,13
2014-06-11 01:20,40,1,40,1,15,2,7,1,15
2014-06-11 01:30,40,2,27,2,20,9,6,1,15
2014-06-11 01:40,34,1,35,3,17,8,6,1,10
2014-06-11 01:50,31,1,60,3,28,5,5,1,18
2014-06-11 02:00,25,1,92,1,22,2,5,1,8
2014-06-11 02:10,30,1,46,3,24,7,4,1,21
2014-06-11 02:20,40,2,59,4,27,16,6,1,22
2014-06-11 02:30,23,1,76,2,15,10,10,3,32
2014-06-11 02:40,34,2,29,5,23,7,2,3,20
2014-06-11 02:50,55,2,54,2,35,3,4,1,15
2014-06-11 03:00,48,1,66,1,17,2,8,1,17
2014-06-11 03:10,45,1,40,5,20,3,3,1,42
2014-06-11 03:20,54,1,46,4,22,9,6,2,28
2014-06-11 03:30,29,1,56,3,27,7,3,1,17
2014-06-11 03:40,44,1,57,9,29,8,2,1,14
2014-06-11 03:50,51,1,65,5,37,6,2,2,14
2014-06-11 04:00,43,1,41,1,27,8,3,1,14
2014-06-11 04:10,37,2,117,2,21,2,4,1,16
2014-06-11 04:20,42,2,52,4,19,4,7,1,21
2014-06-11 04:30,41,1,40,1,22,5,5,1,15
2014-06-11 04:40,33,3,36,2,23,7,1,1,13
2014-06-11 04:50,48,1,54,3,21,4,6,2,15
2014-06-11 05:00,50,1,47,2,27,6,4,2,15
2014-06-11 05:10,45,1,58,6,26,11,11,1,15
2014-06-11 05:20,41,1,54,8,29,10,3,1,15
2014-06-11 05:30,48,1,57,4,15,8,5,1,24
2014-06-11 05:40,32,1,64,5,15,4,7,2,12
2014-06-11 05:50,39,1,96,2,17,7,3,1,19
2014-06-11 06:00,43,1,87,3,10,7,4,1,19
2014-06-11 06:10,42,2,62,1,14,8,4,2,21
2014-06-11 06:20,51,1,76,4,21,10,3,2,17
2014-06-11 06:30,42,1,60,1,20,9,8,2,9
2014-06-11 06:40,42,1,42,6,24,13,8,1,14
2014-06-11 06:50,49,3,58,5,29,10,8,3,17
2014-06-11 07:00,34,2,44,7,24,3,7,1,25
2014-06-11 07:10,43,2,40,4,15,6,7,5,19
2014-06-11 07:20,47,2,64,2,39,20,4,5,23
2014-06-11 07:30,39,2,43,1,24,5,10,2,22
2014-06-11 07:40,48,2,54,7,27,5,10,2,26
2014-06-11 07:50,65,1,52,3,31,12,7,1,26
2014-06-11 08:00,57,2,52,2,21,13,5,4,21
2014-06-11 08:10,54,1,62,6,23,12,5,1,16
2014-06-11 08:20,60,1,83,7,30,7,10,3,24
2014-06-11 08:30,35,1,86,4,26,10,16,2,19
2014-06-11 08:40,77,1,67,3,31,3,14,1,28
2014-06-11 08:50,57,1,86,3,27,7,7,2,25
2014-06-11 09:00,62,1,77,3,19,6,7,1,38
2014-06-11 09:10,64,2,56,6,20,9,5,3,42
2014-06-11 09:20,63,2,74,6,35,11,11,3,41
2014-06-11 09:30,56,1,74,3,24,10,13,3,38
2014-06-11 09:40,63,1,59,9,20,11,8,1,33
2014-06-11 09:50,65,1,65,10,28,3,13,3,38
2014-06-11 10:00,60,1,76,6,28,3,12,1,43
2014-06-11 10:10,34,1,37,3,20,5,5,1,23
2014-06-11 10:20,62,3,63,6,20,7,11,2,21
2014-06-11 10:30,57,2,55,3,14,3,9,3,31
2014-06-11 10:40,75,3,71,8,18,10,10,2,32
2014-06-11 10:50,71,2,62,7,24,11,11,3,31
2014-06-11 11:00,59,1,51,2,26,4,3,1,24
2014-06-11 11:10,72,1,71,3,16,12,19,2,31
2014-06-11 11:20,546,1,47,7,23,17,10,2,30
2014-06-11 11:30,617,2,55,5,22,10,18,1,30
2014-06-11 11:40,307,1,41,8,19,19,11,3,34
2014-06-11 11:50,255,1,64,4,38,15,14,2,36
2014-06-11 12:00,180,2,41,5,32,7,12,5,31
2014-06-11 12:10,161,1,31,9,35,18,12,2,29
2014-06-11 12:20,131,1,42,5,34,9,5,1,32
2014-06-11 12:30,134,1,44,7,43,12,8,1,32
2014-06-11 12:40,123,1,33,6,35,14,14,1,28
2014-06-11 12:50,151,1,51,7,31,12,18,1,25
2014-06-11 13:00,148,1,44,7,15,8,11,2,32
2014-06-11 13:10,119,2,33,7,22,12,15,3,43
2014-06-11 13:20,98,2,42,9,25,13,16,1,39
2014-06-11 13:30,87,1,33,2,46,9,9,1,31
2014-06-11 13:40,96,1,30,8,49,15,18,1,25
2014-06-11 13:50,110,1,38,12,238,9,12,1,36
2014-06-11 14:00,82,1,29,10,33,11,8,2,34
2014-06-11 14:10,89,2,34,6,38,16,15,2,40
2014-06-11 14:20,75,1,51,7,31,23,25,1,36
2014-06-11 14:30,147,1,24,6,14,14,16,1,40
2014-06-11 14:40,77,1,38,3,24,11,18,2,38
2014-06-11 14:50,78,1,29,7,31,16,13,1,24
2014-06-11 15:00,83,1,21,2,19,16,14,2,27
2014-06-11 15:10,79,1,30,2,12,14,9,1,34
2014-06-11 15:20,70,1,30,4,24,19,12,1,31
2014-06-11 15:30,78,1,21,4,21,21,14,1,45
2014-06-11 15:40,79,1,34,4,19,30,9,1,27
2014-06-11 15:50,80,1,26,5,15,23,13,2,20
2014-06-11 16:00,70,1,27,3,12,16,21,1,30
2014-06-11 16:10,81,3,25,6,13,9,17,2,53
2014-06-11 16:20,84,3,38,7,15,18,15,1,37
2014-06-11 16:30,66,1,37,3,15,12,18,3,41
2014-06-11 16:40,73,1,31,4,21,21,15,1,17
2014-06-11 16:50,75,1,41,8,21,11,18,2,38
2014-06-11 17:00,67,1,20,5,27,10,14,3,31
2014-06-11 17:10,63,1,27,6,24,9,8,1,33
2014-06-11 17:20,65,1,39,8,24,12,15,1,36
2014-06-11 17:30,76,1,35,7,16,15,8,1,27
2014-06-11 17:40,61,1,22,3,15,10,6,1,25
2014-06-11 17:50,72,1,33,2,19,8,11,1,39
2014-06-11 18:00,66,1,28,4,53,6,6,1,35
2014-06-11 18:10,59,2,26,8,49,7,9,2,25
2014-06-11 18:20,80,1,30,11,32,12,13,2,24
2014-06-11 18:30,52,2,18,4,27,7,9,2,22
2014-06-11 18:40,51,3,36,3,11,6,13,3,27
2014-06-11 18:50,47,1,21,7,18,14,5,3,25
2014-06-11 19:00,35,1,19,5,16,5,16,2,26
2014-06-11 19:10,67,3,24,4,10,11,14,2,37
2014-06-11 19:20,59,1,52,10,21,20,15,1,32
2014-06-11 19:30,66,1,41,5,17,15,15,3,32
2014-06-11 19:40,51,1,56,12,25,13,11,1,34
2014-06-11 19:50,53,1,45,6,29,21,16,2,22
2014-06-11 20:00,37,1,25,7,11,16,14,2,28
2014-06-11 20:10,33,2,40,6,18,14,13,2,22
2014-06-11 20:20,54,1,36,7,19,24,10,1,28
2014-06-11 20:30,49,1,44,7,12,12,7,1,28
2014-06-11 20:40,53,1,42,7,12,13,13,1,29
2014-06-11 20:50,55,1,31,8,18,17,20,1,44
2014-06-11 21:00,55,1,32,2,16,14,17,1,18
2014-06-11 21:10,50,1,45,5,12,11,12,2,19
2014-06-11 21:20,45,1,51,9,15,12,8,2,40
2014-06-11 21:30,56,1,42,9,6,20,17,2,35
2014-06-11 21:40,55,1,43,4,8,11,11,2,21
2014-06-11 21:50,36,1,32,4,16,25,15,2,31
2014-06-11 22:00,46,2,20,6,9,8,22,1,27
2014-06-11 22:10,43,2,28,6,9,10,14,1,23
2014-06-11 22:20,42,1,25,2,26,8,10,2,20
2014-06-11 22:30,40,1,31,6,19,17,16,1,17
2014-06-11 22:40,49,1,33,7,22,8,4,3,21
2014-06-11 22:50,35,1,44,8,18,7,10,1,17
2014-06-11 23:00,57,1,29,2,12,5,10,1,14
2014-06-11 23:10,40,2,40,3,25,5,18,1,28
2014-06-11 23:20,80,1,48,5,14,6,14,2,17
2014-06-11 23:30,19,1,12,2,6,8,6,1,6
2014-06-11 23:40,34,1,23,4,24,8,8,2,20
2014-06-11 23:50,43,1,39,8,25,13,10,3,9
2014-06-12 00:00,37,1,37,2,14,5,12,3,14
2014-06-12 00:10,52,2,42,5,20,8,8,2,20
2014-06-12 00:20,56,1,35,4,22,11,15,1,13
2014-06-12 00:30,48,1,29,3,9,3,8,2,21
2014-06-12 00:40,35,1,33,3,26,11,14,1,15
2014-06-12 00:50,42,2,26,1,27,12,6,1,21
2014-06-12 01:00,35,1,30,3,25,7,15,1,11
2014-06-12 01:10,34,1,30,2,23,7,12,1,18
2014-06-12 01:20,42,1,35,1,25,6,5,2,13
2014-06-12 01:30,36,1,36,2,8,7,11,1,16
2014-06-12 01:40,37,1,36,3,9,7,3,1,11
2014-06-12 01:50,43,1,39,3,18,7,16,1,22
2014-06-12 02:00,33,1,41,2,11,7,4,1,11
2014-06-12 02:10,31,1,51,2,14,7,5,3,22
2014-06-12 02:20,41,1,43,4,15,7,3,2,15
2014-06-12 02:30,33,1,38,2,18,5,9,1,16
2014-06-12 02:40,28,1,31,7,10,4,6,1,25
2014-06-12 02:50,27,1,32,4,10,5,8,1,21
2014-06-12 03:00,21,1,33,3,9,9,3,2,12
2014-06-12 03:10,25,2,23,3,10,6,5,2,15
2014-06-12 03:20,1,1,1,1,1,1,1,1,1
2014-06-12 03:30,1,1,1,1,1,1,1,1,1
2014-06-12 03:40,35,1,36,5,12,7,4,1,17
2014-06-12 03:50,34,1,40,3,18,8,6,1,23
2014-06-12 04:00,51,1,26,4,8,5,4,2,9
2014-06-12 04:10,48,2,33,7,17,4,2,1,20
2014-06-12 04:20,46,1,38,4,18,9,9,2,11
2014-06-12 04:30,40,1,37,5,16,11,4,2,9
2014-06-12 04:40,31,1,30,7,20,7,7,1,30
2014-06-12 04:50,42,1,39,3,29,10,4,1,23
2014-06-12 05:00,29,1,29,6,15,13,7,1,16
2014-06-12 05:10,43,1,33,3,17,11,3,1,26
2014-06-12 05:20,46,1,37,4,25,6,10,2,11
2014-06-12 05:30,42,1,46,3,10,13,3,2,18
2014-06-12 05:40,28,1,71,3,21,6,8,2,20
2014-06-12 05:50,37,1,58,4,28,8,4,2,12
2014-06-12 06:00,43,2,45,5,20,6,9,1,17
2014-06-12 06:10,42,1,54,2,21,8,6,1,23
2014-06-12 06:20,44,1,88,6,14,7,8,1,13
2014-06-12 06:30,34,1,49,6,11,6,9,2,16
2014-06-12 06:40,50,1,36,3,19,7,8,2,21
2014-06-12 06:50,37,1,46,6,23,12,3,2,33
2014-06-12 07:00,44,1,51,4,27,7,7,1,30
2014-06-12 07:10,55,2,55,2,18,7,16,1,26
2014-06-12 07:20,172,1,72,7,29,5,16,1,19
2014-06-12 07:30,140,1,50,8,20,11,9,2,20
2014-06-12 07:40,211,1,60,3,18,10,11,1,14
2014-06-12 07:50,53,1,52,6,269,13,10,1,27
2014-06-12 08:00,46,1,56,4,22,5,13,2,22
2014-06-12 08:10,48,1,52,6,41,14,16,1,27
2014-06-12 08:20,69,1,66,3,18,8,17,1,24
2014-06-12 08:30,58,1,34,4,25,10,12,2,16
2014-06-12 08:40,55,1,41,4,16,9,8,2,21
2014-06-12 08:50,52,2,39,11,31,7,5,1,25
2014-06-12 09:00,46,2,40,7,32,7,16,2,28
2014-06-12 09:10,61,1,44,8,19,8,11,1,24
2014-06-12 09:20,84,2,37,10,21,12,5,1,27
2014-06-12 09:30,65,2,43,3,14,16,9,1,25
2014-06-12 09:40,60,2,42,6,23,10,9,1,23
2014-06-12 09:50,74,1,51,14,26,6,10,2,26
2014-06-12 10:00,54,1,47,6,19,6,5,2,24
2014-06-12 10:10,63,1,41,10,10,13,12,1,21
2014-06-12 10:20,67,2,59,8,25,18,11,2,37
2014-06-12 10:30,89,1,40,4,31,14,10,2,37
2014-06-12 10:40,78,2,40,6,30,13,8,1,28
2014-06-12 10:50,91,1,45,8,28,12,10,3,30
2014-06-12 11:00,53,2,48,3,37,15,6,1,38
2014-06-12 11:10,83,1,163,4,24,17,8,2,28
2014-06-12 11:20,77,1,51,6,38,13,19,1,25
2014-06-12 11:30,67,1,36,2,38,7,9,2,14
2014-06-12 11:40,46,1,50,6,49,5,10,1,39
2014-06-12 11:50,81,3,50,7,52,16,13,1,30
2014-06-12 12:00,77,1,40,7,64,8,11,2,31
2014-06-12 12:10,66,2,37,10,75,14,8,3,32
2014-06-12 12:20,65,1,43,6,90,13,15,3,30
2014-06-12 12:30,66,1,54,7,54,7,3,1,36
2014-06-12 12:40,64,1,41,8,47,7,9,1,41
2014-06-12 12:50,66,1,140,10,46,7,11,1,38
2014-06-12 13:00,53,1,34,8,37,5,10,2,45
2014-06-12 13:10,97,1,38,7,26,9,9,2,36
2014-06-12 13:20,73,2,43,5,76,12,12,3,31
2014-06-12 13:30,83,1,29,7,79,15,14,2,24
2014-06-12 13:40,58,1,27,4,79,15,23,3,30
2014-06-12 13:50,55,1,29,4,34,10,41,2,23
2014-06-12 14:00,63,1,23,7,50,7,29,1,22
2014-06-12 14:10,58,2,22,2,31,15,21,1,34
2014-06-12 14:20,78,1,41,2,47,12,9,1,40
2014-06-12 14:30,71,1,30,3,22,15,15,1,29
2014-06-12 14:40,82,1,24,10,37,8,17,1,41
2014-06-12 14:50,105,1,25,7,39,16,13,1,38
2014-06-12 15:00,100,1,19,9,27,11,18,2,22
2014-06-12 15:10,77,1,25,5,18,16,5,1,40
2014-06-12 15:20,89,1,28,4,35,11,26,2,32
2014-06-12 15:30,89,1,32,3,13,13,14,2,25
2014-06-12 15:40,73,2,29,5,20,12,19,3,32
2014-06-12 15:50,91,1,32,5,23,9,22,1,29
2014-06-12 16:00,89,2,16,6,19,14,15,1,40
2014-06-12 16:10,87,1,31,5,16,9,11,1,56
2014-06-12 16:20,75,1,24,5,28,15,16,1,25
2014-06-12 16:30,69,1,21,7,24,11,13,3,33
2014-06-12 16:40,58,1,32,1,22,9,24,3,52
2014-06-12 16:50,83,1,21,5,42,14,14,3,30
2014-06-12 17:00,63,1,19,10,28,12,41,1,22
2014-06-12 17:10,86,2,24,3,59,7,9,2,31
2014-06-12 17:20,90,1,21,8,45,10,14,2,18
2014-06-12 17:30,53,1,18,7,50,13,13,2,26
2014-06-12 17:40,69,1,17,6,33,12,9,4,25
2014-06-12 17:50,71,1,16,3,33,20,11,1,36
2014-06-12 18:00,60,1,12,3,18,11,15,1,21
2014-06-12 18:10,65,2,23,6,35,6,7,1,32
2014-06-12 18:20,57,1,16,3,27,13,6,1,20
2014-06-12 18:30,49,2,23,9,29,14,8,4,23
2014-06-12 18:40,66,1,22,19,33,13,16,2,16
2014-06-12 18:50,73,1,35,8,35,9,8,1,14
2014-06-12 19:00,67,1,19,9,22,9,13,1,31
2014-06-12 19:10,75,1,24,8,25,17,10,2,34
2014-06-12 19:20,73,1,42,9,32,25,7,1,37
2014-06-12 19:30,88,1,41,6,44,20,11,1,47
2014-06-12 19:40,72,1,46,9,31,27,18,1,36
2014-06-12 19:50,74,1,20,10,41,25,16,1,22
2014-06-12 20:00,55,2,14,10,57,10,11,1,23
2014-06-12 20:10,68,2,19,4,21,15,18,1,21
2014-06-12 20:20,66,1,25,7,26,12,14,4,27
2014-06-12 20:30,56,2,36,11,23,9,10,1,35
2014-06-12 20:40,48,1,36,4,31,8,16,1,38
2014-06-12 20:50,62,1,37,4,34,14,23,1,26
2014-06-12 21:00,73,1,131,6,41,12,16,1,13
2014-06-12 21:10,49,1,37,3,20,10,19,1,16
2014-06-12 21:20,57,1,39,7,21,15,13,2,27
2014-06-12 21:30,59,1,28,10,18,14,21,2,25
2014-06-12 21:40,49,1,30,7,15,9,14,2,21
2014-06-12 21:50,46,1,23,3,26,7,15,1,22
2014-06-12 22:00,35,1,22,2,20,11,20,1,17
2014-06-12 22:10,38,1,23,6,28,6,16,2,21
2014-06-12 22:20,42,1,24,4,13,5,25,2,29
2014-06-12 22:30,56,1,30,2,33,11,11,2,17
2014-06-12 22:40,1,1,1,1,1,1,1,1,1
2014-06-12 22:50,1,1,1,1,1,1,1,1,1
2014-06-12 23:00,1,1,1,1,1,1,1,1,1
2014-06-12 23:10,52,3,36,6,20,5,15,1,27
2014-06-12 23:20,43,1,52,7,42,11,15,2,19
2014-06-12 23:30,32,1,18,2,21,7,13,1,21
2014-06-12 23:40,46,1,28,6,34,10,7,2,10
2014-06-12 23:50,45,1,19,9,38,10,19,4,16
2014-06-13 00:00,26,1,24,4,16,8,13,4,14
2014-06-13 00:10,35,2,18,2,19,9,8,2,10
2014-06-13 00:20,42,1,22,5,25,8,10,1,14
2014-06-13 00:30,43,1,23,2,14,10,7,4,8
2014-06-13 00:40,41,1,31,9,19,16,4,1,19
2014-06-13 00:50,29,1,26,5,23,8,6,2,18
2014-06-13 01:00,29,1,21,1,17,11,9,1,19
2014-06-13 01:10,38,2,20,2,26,10,4,1,15
2014-06-13 01:20,32,1,36,1,24,13,9,2,21
2014-06-13 01:30,31,1,21,2,17,12,2,1,11
2014-06-13 01:40,38,1,22,3,16,11,6,2,13
2014-06-13 01:50,38,1,35,6,15,7,4,1,20
2014-06-13 02:00,30,1,26,2,9,11,6,1,11
2014-06-13 02:10,28,1,22,3,16,9,6,2,18
2014-06-13 02:20,41,1,31,3,17,11,4,1,13
2014-06-13 02:30,26,2,22,3,19,5,8,2,12
2014-06-13 02:40,36,1,23,2,33,5,7,1,59
2014-06-13 02:50,36,1,21,3,52,11,5,1,41
2014-06-13 03:00,24,1,27,3,29,9,5,2,20
2014-06-13 03:10,56,1,25,3,28,17,3,1,15
2014-06-13 03:20,42,1,27,3,19,14,7,1,18
2014-06-13 03:30,18,1,12,1,8,3,4,1,3
2014-06-13 03:40,28,1,31,4,25,9,2,1,17
2014-06-13 03:50,40,1,21,3,28,13,5,1,21
2014-06-13 04:00,23,1,25,4,16,11,4,1,34
2014-06-13 04:10,24,1,24,3,23,7,5,1,22
2014-06-13 04:20,30,1,35,4,23,10,3,1,19
2014-06-13 04:30,22,1,26,2,18,7,4,2,11
2014-06-13 04:40,45,1,23,4,14,4,6,1,15
2014-06-13 04:50,42,2,35,1,14,3,3,1,19
2014-06-13 05:00,30,1,34,3,12,7,9,1,18
2014-06-13 05:10,37,1,24,2,19,8,4,1,21
2014-06-13 05:20,56,1,36,5,21,14,3,1,8
2014-06-13 05:30,48,1,17,4,22,11,5,1,16
2014-06-13 05:40,29,1,29,12,8,9,6,1,21
2014-06-13 05:50,48,1,52,3,15,8,6,2,18
2014-06-13 06:00,60,1,46,3,14,7,7,1,18
2014-06-13 06:10,80,1,37,9,23,9,6,1,19
2014-06-13 06:20,62,1,46,6,32,12,4,1,18
2014-06-13 06:30,42,1,48,4,15,7,6,1,13
2014-06-13 06:40,44,1,47,3,18,6,5,2,15
2014-06-13 06:50,68,1,59,10,27,8,3,1,17
2014-06-13 07:00,57,1,40,6,28,6,6,2,21
2014-06-13 07:10,41,1,50,7,35,11,4,1,18
2014-06-13 07:20,37,1,70,6,23,3,6,1,17
2014-06-13 07:30,43,1,45,3,26,6,4,1,16
2014-06-13 07:40,42,2,51,2,15,8,4,2,19
2014-06-13 07:50,73,1,48,8,20,4,8,1,22
2014-06-13 08:00,40,2,41,7,15,10,6,1,23
2014-06-13 08:10,63,2,48,6,28,8,9,1,28
2014-06-13 08:20,59,1,66,5,19,14,9,1,31
2014-06-13 08:30,45,1,51,6,15,6,7,2,26
2014-06-13 08:40,55,1,45,5,9,10,14,3,23
2014-06-13 08:50,100,1,87,6,12,11,7,1,31
2014-06-13 09:00,70,1,44,8,18,11,4,2,25
2014-06-13 09:10,75,2,44,5,18,22,15,2,40
2014-06-13 09:20,63,1,53,6,22,10,12,1,29
2014-06-13 09:30,51,1,40,5,14,5,12,3,18
2014-06-13 09:40,61,2,49,8,24,8,10,1,27
2014-06-13 09:50,83,1,57,8,16,12,16,1,33
2014-06-13 10:00,66,1,42,7,3,14,4,1,27
2014-06-13 10:10,69,2,47,9,18,8,13,1,61
2014-06-13 10:20,73,2,67,7,12,9,10,2,43
2014-06-13 10:30,69,1,36,2,11,11,8,3,45
2014-06-13 10:40,60,1,48,8,19,10,11,4,39
2014-06-13 10:50,80,3,57,6,17,7,13,2,30
2014-06-13 11:00,65,1,35,6,24,12,8,2,34
2014-06-13 11:10,55,3,37,4,21,16,18,4,34
2014-06-13 11:20,73,1,36,7,14,13,8,2,32
2014-06-13 11:30,47,1,39,14,16,8,8,1,29
2014-06-13 11:40,67,1,53,6,21,10,15,4,25
2014-06-13 11:50,82,1,41,3,11,13,11,2,37
2014-06-13 12:00,78,1,29,5,15,8,13,1,30
2014-06-13 12:10,73,2,34,6,15,17,14,1,29
2014-06-13 12:20,70,2,42,4,22,10,14,2,39
2014-06-13 12:30,69,1,30,7,13,16,13,1,28
2014-06-13 12:40,62,2,32,4,20,11,10,1,34
2014-06-13 12:50,75,1,27,3,12,15,17,4,25
2014-06-13 13:00,46,1,36,7,10,11,15,1,24
2014-06-13 13:10,72,2,29,7,16,7,7,2,30
2014-06-13 13:20,72,4,33,4,21,13,13,2,29
2014-06-13 13:30,63,1,33,3,21,11,14,1,24
2014-06-13 13:40,50,1,29,3,23,11,17,2,44
2014-06-13 13:50,79,1,31,4,26,12,11,2,46
2014-06-13 14:00,68,1,31,5,24,17,7,1,50
2014-06-13 14:10,78,2,20,4,15,5,13,1,29
2014-06-13 14:20,77,1,31,4,20,24,9,1,45
2014-06-13 14:30,51,1,31,8,15,28,10,2,36
2014-06-13 14:40,58,1,34,6,8,17,18,1,34
2014-06-13 14:50,53,1,28,9,17,19,12,1,23
2014-06-13 15:00,56,1,25,8,16,9,16,1,35
2014-06-13 15:10,49,2,22,7,15,8,10,1,42
2014-06-13 15:20,49,1,25,6,21,13,13,2,24
2014-06-13 15:30,31,1,24,7,15,11,16,1,30
2014-06-13 15:40,72,1,24,5,13,13,14,2,26
2014-06-13 15:50,71,1,33,4,15,11,17,1,27
2014-06-13 16:00,51,1,34,3,7,8,21,2,21
2014-06-13 16:10,81,1,25,15,10,9,14,1,32
2014-06-13 16:20,72,2,38,9,19,8,19,1,36
2014-06-13 16:30,54,1,26,16,15,11,9,1,33
2014-06-13 16:40,49,1,24,7,6,14,6,1,31
2014-06-13 16:50,79,1,60,14,12,11,17,1,29
2014-06-13 17:00,52,1,16,4,15,6,28,1,25
2014-06-13 17:10,73,2,21,7,10,10,6,1,22
2014-06-13 17:20,92,1,20,9,9,14,13,1,28
2014-06-13 17:30,65,1,19,5,7,10,17,2,26
2014-06-13 17:40,47,1,18,3,10,13,14,1,25
2014-06-13 17:50,57,1,15,9,12,10,16,1,40
2014-06-13 18:00,54,2,13,3,13,10,18,1,35
2014-06-13 18:10,57,2,13,7,14,14,17,1,47
2014-06-13 18:20,64,1,27,5,21,13,25,1,59
2014-06-13 18:30,44,1,14,3,17,12,16,2,45
2014-06-13 18:40,42,1,23,5,8,3,11,1,31
2014-06-13 18:50,64,3,21,4,16,10,11,1,26
2014-06-13 19:00,46,2,25,4,7,13,15,1,25
2014-06-13 19:10,64,1,28,4,13,7,13,1,34
2014-06-13 19:20,61,1,36,6,24,19,17,3,35
2014-06-13 19:30,78,2,32,6,12,19,16,1,37
2014-06-13 19:40,60,1,29,13,18,17,14,3,42
2014-06-13 19:50,84,1,45,6,15,10,19,3,63
2014-06-13 20:00,56,1,16,5,7,11,10,2,32
2014-06-13 20:10,65,2,34,3,23,10,16,1,34
2014-06-13 20:20,71,1,30,7,11,14,16,1,33
2014-06-13 20:30,70,2,43,3,11,13,17,1,37
2014-06-13 20:40,69,1,43,4,8,13,14,1,33
2014-06-13 20:50,65,1,44,5,18,14,11,2,88
2014-06-13 21:00,52,1,57,7,11,11,11,2,47
2014-06-13 21:10,56,2,39,5,12,14,25,1,55
2014-06-13 21:20,50,1,44,10,12,11,19,2,30
2014-06-13 21:30,54,1,29,5,12,10,14,1,24
2014-06-13 21:40,59,2,18,5,21,10,10,1,37
2014-06-13 21:50,63,1,24,2,15,8,19,1,12
2014-06-13 22:00,57,1,29,3,7,6,9,2,26
2014-06-13 22:10,51,2,23,1,11,7,10,1,27
2014-06-13 22:20,54,1,43,2,12,4,11,1,19
2014-06-13 22:30,51,1,18,7,13,9,17,1,14
2014-06-13 22:40,54,1,22,6,24,7,8,1,11
2014-06-13 22:50,51,1,36,5,15,9,16,1,15
2014-06-13 23:00,41,1,21,3,14,9,12,1,7
2014-06-13 23:10,39,1,42,6,11,6,10,1,22
2014-06-13 23:20,49,2,28,3,12,4,9,1,13
2014-06-13 23:30,44,1,35,4,5,15,10,1,15
2014-06-13 23:40,30,2,31,5,8,6,11,1,19
2014-06-13 23:50,41,1,40,6,10,4,9,1,20
2014-06-14 00:00,57,1,20,2,18,9,10,1,16
2014-06-14 00:10,46,2,32,5,14,7,7,1,19
2014-06-14 00:20,59,2,26,4,15,11,11,1,12
2014-06-14 00:30,49,2,31,5,20,6,7,2,10
2014-06-14 00:40,38,2,22,3,12,10,5,1,12
2014-06-14 00:50,41,1,33,4,20,5,7,1,15
2014-06-14 01:00,49,1,27,2,10,10,4,1,15
2014-06-14 01:10,32,1,23,3,9,10,9,2,16
2014-06-14 01:20,36,1,28,6,12,15,9,1,17
2014-06-14 01:30,38,1,18,3,10,7,6,2,20
2014-06-14 01:40,36,1,24,3,14,8,8,1,10
2014-06-14 01:50,41,1,30,9,14,7,5,1,14
2014-06-14 02:00,33,1,22,1,6,4,2,1,13
2014-06-14 02:10,30,3,21,1,12,4,4,1,8
2014-06-14 02:20,27,1,28,4,11,7,11,1,14
2014-06-14 02:30,42,1,26,5,4,5,11,1,13
2014-06-14 02:40,29,1,21,4,12,4,8,1,19
2014-06-14 02:50,26,1,25,1,8,2,8,3,7
2014-06-14 03:00,42,1,25,3,8,9,8,1,12
2014-06-14 03:10,36,1,36,4,14,4,8,1,16
2014-06-14 03:20,42,1,39,6,13,7,7,1,16
2014-06-14 03:30,34,1,35,2,11,10,6,1,13
2014-06-14 03:40,36,1,16,4,13,8,3,1,15
2014-06-14 03:50,36,1,35,6,8,6,7,1,11
2014-06-14 04:00,39,1,30,2,10,8,4,1,11
2014-06-14 04:10,30,2,30,2,11,3,6,1,14
2014-06-14 04:20,59,1,29,2,16,8,6,1,17
2014-06-14 04:30,32,2,35,3,11,7,4,1,23
2014-06-14 04:40,31,1,26,3,15,5,5,1,20
2014-06-14 04:50,33,1,35,6,11,9,5,1,18
2014-06-14 05:00,46,1,22,3,9,5,7,1,15
2014-06-14 05:10,31,1,35,3,15,9,2,2,12
2014-06-14 05:20,47,2,36,5,8,9,6,1,16
2014-06-14 05:30,33,1,33,2,8,4,4,1,8
2014-06-14 05:40,51,4,28,2,10,10,6,1,10
2014-06-14 05:50,40,1,31,1,9,7,7,2,16
2014-06-14 06:00,45,2,33,3,11,7,4,1,9
2014-06-14 06:10,42,5,27,5,9,5,8,1,11
2014-06-14 06:20,51,1,43,5,18,6,5,2,10
2014-06-14 06:30,48,2,31,6,15,12,6,1,11
2014-06-14 06:40,43,1,33,4,8,6,8,1,14
2014-06-14 06:50,50,1,49,6,13,18,7,1,18
2014-06-14 07:00,41,1,34,1,9,8,8,1,13
2014-06-14 07:10,54,2,38,2,194,4,7,1,25
2014-06-14 07:20,44,2,51,5,122,13,4,2,16
2014-06-14 07:30,35,1,34,4,185,8,8,1,21
2014-06-14 07:40,40,2,26,4,116,5,10,1,13
2014-06-14 07:50,48,1,48,5,29,10,7,1,25
2014-06-14 08:00,44,1,37,3,11,11,2,2,20
2014-06-14 08:10,52,1,46,4,14,10,7,1,21
2014-06-14 08:20,42,1,54,1,10,9,5,2,17
2014-06-14 08:30,58,1,40,3,18,9,12,1,13
2014-06-14 08:40,1,1,1,1,1,1,1,1,1
2014-06-14 08:50,1,1,1,1,1,1,1,1,1
2014-06-14 09:00,1,1,1,1,1,1,1,1,1
2014-06-14 09:10,60,2,39,6,14,3,6,1,31
2014-06-14 09:20,61,2,166,9,11,8,9,1,15
2014-06-14 09:30,48,1,149,7,12,6,8,1,24
2014-06-14 09:40,64,1,34,4,6,5,7,3,26
2014-06-14 09:50,60,1,91,5,12,11,14,2,22
2014-06-14 10:00,63,3,55,6,7,7,12,2,23
2014-06-14 10:10,62,3,53,2,9,8,13,2,23
2014-06-14 10:20,74,1,54,8,7,9,7,3,13
2014-06-14 10:30,60,5,45,7,8,10,8,2,24
2014-06-14 10:40,85,3,35,5,9,6,17,1,24
2014-06-14 10:50,86,1,59,9,17,9,11,1,31
2014-06-14 11:00,57,1,60,8,13,12,17,1,18
2014-06-14 11:10,57,2,49,11,12,17,16,2,25
2014-06-14 11:20,87,1,51,11,9,10,10,1,35
2014-06-14 11:30,60,2,36,3,13,9,17,1,21
2014-06-14 11:40,60,1,24,5,7,12,17,3,22
2014-06-14 11:50,126,1,38,7,12,14,13,1,30
2014-06-14 12:00,94,1,30,3,14,25,13,1,24
2014-06-14 12:10,74,2,50,6,12,10,7,1,26
2014-06-14 12:20,87,1,42,9,12,16,18,1,29
2014-06-14 12:30,90,1,40,4,16,16,11,4,25
2014-06-14 12:40,97,1,40,7,18,18,19,2,29
2014-06-14 12:50,67,1,30,4,19,13,13,1,33
2014-06-14 13:00,92,1,22,10,15,7,10,1,23
2014-06-14 13:10,92,2,46,8,16,9,10,2,29
2014-06-14 13:20,90,1,42,13,23,17,14,3,19
2014-06-14 13:30,87,1,41,7,12,10,11,1,17
2014-06-14 13:40,69,1,28,3,7,10,8,1,16
2014-06-14 13:50,102,1,43,4,13,20,14,1,29
2014-06-14 14:00,58,1,33,4,19,5,5,1,23
2014-06-14 14:10,65,2,32,7,13,12,12,1,25
2014-06-14 14:20,62,1,24,3,15,16,12,2,28
2014-06-14 14:30,54,1,33,5,13,8,16,2,25
2014-06-14 14:40,60,1,36,5,7,15,8,4,22
2014-06-14 14:50,79,1,27,8,9,12,10,1,25
2014-06-14 15:00,67,1,30,7,10,43,13,1,19
2014-06-14 15:10,74,1,15,3,6,7,9,1,20
2014-06-14 15:20,72,1,25,5,12,9,10,1,23
2014-06-14 15:30,68,1,13,6,8,12,10,1,22
2014-06-14 15:40,66,1,21,10,9,8,17,1,22
2014-06-14 15:50,78,1,23,5,14,15,21,1,22
2014-06-14 16:00,75,1,22,10,8,9,13,2,22
2014-06-14 16:10,80,3,24,7,11,7,8,2,25
2014-06-14 16:20,87,2,27,8,15,12,11,2,27
2014-06-14 16:30,62,1,33,7,16,16,10,1,16
2014-06-14 16:40,72,1,30,3,8,6,10,2,23
2014-06-14 16:50,74,1,33,5,16,18,15,2,23
2014-06-14 17:00,56,2,26,1,10,6,11,2,21
2014-06-14 17:10,56,2,23,6,17,11,9,1,24
2014-06-14 17:20,71,1,25,8,17,8,10,1,25
2014-06-14 17:30,61,2,18,2,6,11,13,1,20
2014-06-14 17:40,65,1,17,3,8,8,14,1,23
2014-06-14 17:50,70,1,24,6,13,17,16,2,29
2014-06-14 18:00,67,1,25,4,7,9,7,1,20
2014-06-14 18:10,66,2,26,3,12,5,8,1,28
2014-06-14 18:20,72,1,21,3,7,8,9,1,27
2014-06-14 18:30,64,1,16,4,11,37,15,1,19
2014-06-14 18:40,54,1,26,5,7,7,11,1,26
2014-06-14 18:50,62,1,23,5,6,6,13,1,18
2014-06-14 19:00,64,1,17,4,7,8,17,1,19
2014-06-14 19:10,77,1,39,5,14,14,7,1,29
2014-06-14 19:20,64,1,47,6,26,22,10,2,37
2014-06-14 19:30,71,1,46,3,8,18,8,3,25
2014-06-14 19:40,67,1,37,13,22,15,12,1,27
2014-06-14 19:50,86,1,29,3,20,12,12,1,21
2014-06-14 20:00,72,3,20,3,5,8,4,1,19
2014-06-14 20:10,64,1,29,8,14,6,10,1,26
2014-06-14 20:20,70,1,31,11,10,12,7,1,24
2014-06-14 20:30,67,2,34,7,8,5,4,1,24
2014-06-14 20:40,58,1,38,6,8,15,17,2,25
2014-06-14 20:50,79,2,44,9,16,18,11,1,25
2014-06-14 21:00,68,1,54,6,11,11,10,2,25
2014-06-14 21:10,67,1,41,9,13,18,8,1,31
2014-06-14 21:20,91,1,48,10,11,12,7,1,27
2014-06-14 21:30,70,2,35,3,8,8,12,1,25
2014-06-14 21:40,75,2,20,5,9,4,13,1,21
2014-06-14 21:50,128,1,32,6,10,11,16,1,14
2014-06-14 22:00,144,1,36,4,12,6,12,1,18
2014-06-14 22:10,95,2,17,2,7,3,5,1,9
2014-06-14 22:20,115,1,44,9,11,7,6,1,14
2014-06-14 22:30,114,1,30,3,10,9,10,1,22
2014-06-14 22:40,92,1,35,4,11,5,10,1,19
2014-06-14 22:50,104,1,45,3,11,11,8,1,21
2014-06-14 23:00,85,4,32,4,15,3,13,2,16
2014-06-14 23:10,87,1,39,7,12,11,12,1,12
2014-06-14 23:20,82,1,48,5,13,7,13,2,12
2014-06-14 23:30,67,1,25,2,11,5,6,1,18
2014-06-14 23:40,82,1,29,4,11,7,14,1,18
2014-06-14 23:50,68,1,39,4,9,8,11,1,21
2014-06-15 00:00,60,1,28,3,6,7,11,1,13
2014-06-15 00:10,59,3,36,7,10,10,10,1,21
2014-06-15 00:20,72,1,31,5,14,9,11,1,18
2014-06-15 00:30,54,1,38,1,6,4,8,1,12
2014-06-15 00:40,45,1,31,7,6,6,13,1,13
2014-06-15 00:50,40,1,40,4,14,12,9,1,11
2014-06-15 01:00,38,1,16,3,9,10,8,2,8
2014-06-15 01:10,43,1,34,3,11,13,7,2,23
2014-06-15 01:20,57,1,31,4,9,4,7,1,12
2014-06-15 01:30,44,1,32,2,4,7,7,1,10
2014-06-15 01:40,47,1,29,4,10,8,8,1,13
2014-06-15 01:50,40,1,24,3,10,10,10,1,10
2014-06-15 02:00,47,1,39,6,7,3,11,1,8
2014-06-15 02:10,42,1,28,3,4,8,5,1,10
2014-06-15 02:20,46,1,28,6,14,3,5,2,20
2014-06-15 02:30,39,1,16,6,7,7,8,1,7
2014-06-15 02:40,31,1,29,2,12,10,7,1,12
2014-06-15 02:50,35,1,25,7,20,9,8,1,12
2014-06-15 03:00,37,1,24,3,8,10,9,1,15
2014-06-15 03:10,49,2,25,5,9,5,5,1,18
2014-06-15 03:20,50,1,22,3,15,10,6,1,17
2014-06-15 03:30,28,1,33,3,14,6,3,2,9
2014-06-15 03:40,40,1,25,1,12,6,8,1,11
2014-06-15 03:50,51,1,28,4,19,8,7,2,11
2014-06-15 04:00,35,1,24,2,9,5,9,1,19
2014-06-15 04:10,42,1,27,5,10,4,9,1,10
2014-06-15 04:20,50,1,37,2,16,9,6,2,6
2014-06-15 04:30,31,2,36,3,9,12,4,1,9
2014-06-15 04:40,33,1,23,4,3,5,9,2,7
2014-06-15 04:50,44,1,27,4,11,8,8,2,12
2014-06-15 05:00,30,2,32,3,7,10,3,1,10
2014-06-15 05:10,43,1,31,3,11,9,4,1,14
2014-06-15 05:20,34,1,32,3,12,7,8,1,13
2014-06-15 05:30,39,1,26,4,11,7,4,1,12
2014-06-15 05:40,48,2,45,3,9,11,7,1,11
2014-06-15 05:50,59,1,38,4,7,11,8,2,9
2014-06-15 06:00,46,1,35,4,10,6,6,1,12
2014-06-15 06:10,58,2,26,4,15,12,9,1,14
2014-06-15 06:20,60,1,27,5,10,7,5,1,12
2014-06-15 06:30,42,1,43,2,6,16,6,1,21
2014-06-15 06:40,39,4,35,5,8,3,3,2,13
2014-06-15 06:50,53,1,38,1,10,9,8,1,22
2014-06-15 07:00,36,1,32,6,11,6,5,1,22
2014-06-15 07:10,44,2,51,5,14,9,5,1,16
2014-06-15 07:20,47,1,51,7,12,5,6,2,17
2014-06-15 07:30,53,1,40,5,14,6,3,2,26
2014-06-15 07:40,52,1,50,8,16,9,3,1,15
2014-06-15 07:50,48,3,153,4,11,9,7,1,21
2014-06-15 08:00,38,2,44,2,10,6,5,2,14
2014-06-15 08:10,49,2,48,4,12,6,5,1,13
2014-06-15 08:20,56,1,43,5,10,9,3,1,27
2014-06-15 08:30,73,1,39,4,9,11,6,1,18
2014-06-15 08:40,77,1,38,4,8,8,3,2,21
2014-06-15 08:50,88,1,44,5,10,15,5,2,21
2014-06-15 09:00,57,1,38,2,11,10,10,1,11
2014-06-15 09:10,59,1,37,10,13,12,9,1,24
2014-06-15 09:20,60,3,35,2,13,12,3,2,16
2014-06-15 09:30,68,1,57,3,16,14,6,1,13
2014-06-15 09:40,58,1,53,4,10,6,7,2,23
2014-06-15 09:50,69,2,46,4,10,8,9,1,26
2014-06-15 10:00,51,1,38,6,10,13,6,1,19
2014-06-15 10:10,87,1,39,4,35,11,3,2,19
2014-06-15 10:20,89,1,38,4,19,10,5,1,23
2014-06-15 10:30,68,2,41,5,10,5,11,3,24
2014-06-15 10:40,75,1,63,5,9,12,13,1,20
2014-06-15 10:50,73,2,49,4,23,11,10,1,32
2014-06-15 11:00,55,1,41,5,8,10,7,1,28
2014-06-15 11:10,34,2,31,2,12,10,4,1,12
2014-06-15 11:20,53,1,41,6,11,16,6,3,21
2014-06-15 11:30,67,2,43,3,8,12,8,1,17
2014-06-15 11:40,53,1,45,4,17,12,10,1,17
2014-06-15 11:50,66,1,41,5,15,6,5,1,16
2014-06-15 12:00,47,1,27,2,6,7,8,1,22
2014-06-15 12:10,70,1,36,7,11,8,7,1,22
2014-06-15 12:20,63,1,38,2,17,10,10,1,33
2014-06-15 12:30,56,1,33,6,5,9,8,2,30
2014-06-15 12:40,57,1,22,2,9,10,10,2,34
2014-06-15 12:50,62,1,41,2,15,10,7,1,32
2014-06-15 13:00,51,1,26,2,12,12,8,1,46
2014-06-15 13:10,75,1,36,7,12,11,10,2,39
2014-06-15 13:20,98,1,41,6,11,12,10,2,19
2014-06-15 13:30,88,1,32,5,16,11,7,1,22
2014-06-15 13:40,72,1,38,10,3,12,8,2,18
2014-06-15 13:50,77,1,47,5,15,9,10,1,25
2014-06-15 14:00,56,2,45,4,7,14,8,1,24
2014-06-15 14:10,77,1,24,10,8,7,6,1,39
2014-06-15 14:20,86,1,31,5,8,10,7,1,32
2014-06-15 14:30,86,2,45,4,6,12,12,2,25
2014-06-15 14:40,85,1,18,1,6,6,5,1,34
2014-06-15 14:50,68,2,27,3,11,10,9,1,22
2014-06-15 15:00,68,1,25,4,13,8,11,1,32
2014-06-15 15:10,61,2,23,8,10,8,11,1,20
2014-06-15 15:20,69,2,24,2,12,11,14,2,33
2014-06-15 15:30,93,2,29,3,9,13,12,1,18
2014-06-15 15:40,79,1,34,3,10,5,12,1,11
2014-06-15 15:50,89,2,43,4,14,13,8,2,27
2014-06-15 16:00,72,2,24,5,21,14,17,1,25
2014-06-15 16:10,79,2,25,5,13,13,6,1,15
2014-06-15 16:20,89,1,33,4,16,11,12,1,17
2014-06-15 16:30,68,1,36,3,6,16,13,1,18
2014-06-15 16:40,78,1,26,4,11,7,10,2,13
2014-06-15 16:50,59,1,39,9,6,11,10,2,26
2014-06-15 17:00,59,3,28,4,7,13,11,1,21
2014-06-15 17:10,52,2,22,1,16,13,19,1,23
2014-06-15 17:20,58,1,43,8,12,13,20,1,25
2014-06-15 17:30,52,2,28,4,13,8,11,1,25
2014-06-15 17:40,66,1,23,5,10,14,12,1,28
2014-06-15 17:50,61,1,24,5,13,15,15,1,23
2014-06-15 18:00,64,1,30,7,6,12,19,1,15
2014-06-15 18:10,53,2,22,2,11,8,12,1,19
2014-06-15 18:20,55,1,30,7,19,13,15,1,14
2014-06-15 18:30,52,2,22,4,16,6,16,1,16
2014-06-15 18:40,51,1,23,4,12,9,14,1,10
2014-06-15 18:50,61,1,15,4,16,16,25,2,12
2014-06-15 19:00,52,1,24,7,12,11,20,1,16
2014-06-15 19:10,54,2,23,4,9,11,12,2,29
2014-06-15 19:20,79,1,41,9,19,113,17,1,25
2014-06-15 19:30,46,1,35,4,16,58,17,1,29
2014-06-15 19:40,54,1,28,7,12,35,10,2,33
2014-06-15 19:50,59,1,38,7,16,21,12,1,18
2014-06-15 20:00,39,2,16,3,11,19,14,1,19
2014-06-15 20:10,41,1,28,2,10,16,16,2,23
2014-06-15 20:20,55,1,24,3,12,20,14,2,22
2014-06-15 20:30,58,1,31,2,12,26,17,2,21
2014-06-15 20:40,54,1,32,11,10,13,8,1,22
2014-06-15 20:50,43,2,35,6,12,16,17,2,21
2014-06-15 21:00,34,1,38,3,13,17,15,1,25
2014-06-15 21:10,35,1,34,4,9,12,10,1,29
2014-06-15 21:20,52,1,49,10,15,10,13,1,15
2014-06-15 21:30,44,1,48,5,13,16,11,1,24
2014-06-15 21:40,46,1,22,2,6,10,11,1,28
2014-06-15 21:50,54,1,35,6,16,13,13,1,17
2014-06-15 22:00,38,1,20,3,9,11,15,2,20
2014-06-15 22:10,73,2,22,4,14,19,10,1,14
2014-06-15 22:20,44,1,29,4,12,13,10,2,34
2014-06-15 22:30,44,1,17,2,10,7,13,1,15
2014-06-15 22:40,32,1,25,5,10,12,6,1,13
2014-06-15 22:50,55,2,21,3,13,10,8,1,11
2014-06-15 23:00,43,1,20,3,12,12,18,1,18
2014-06-15 23:10,30,1,22,8,14,10,17,1,20
2014-06-15 23:20,44,2,34,6,9,11,14,4,12
2014-06-15 23:30,51,1,54,2,6,7,5,1,17
2014-06-15 23:40,40,1,26,5,13,11,8,1,8
2014-06-15 23:50,40,1,25,2,11,7,8,1,12
2014-06-16 00:00,37,1,32,3,6,11,15,1,17
2014-06-16 00:10,29,1,26,2,9,6,26,1,14
2014-06-16 00:20,34,2,24,7,10,11,8,1,17
2014-06-16 00:30,29,1,29,5,2,10,7,1,11
2014-06-16 00:40,31,1,26,4,5,8,10,2,17
2014-06-16 00:50,35,1,21,8,13,8,9,1,16
2014-06-16 01:00,29,1,20,3,8,8,7,1,15
2014-06-16 01:10,31,2,24,4,9,10,12,5,16
2014-06-16 01:20,23,2,34,1,10,9,10,2,14
2014-06-16 01:30,28,2,27,5,7,3,17,2,15
2014-06-16 01:40,32,1,34,2,11,9,9,1,14
2014-06-16 01:50,39,1,29,3,9,6,3,2,12
2014-06-16 02:00,60,1,23,3,10,6,9,2,4
2014-06-16 02:10,105,1,18,1,16,8,8,2,9
2014-06-16 02:20,46,1,35,4,9,6,4,5,18
2014-06-16 02:30,50,1,14,2,2,4,4,3,9
2014-06-16 02:40,27,1,28,2,11,4,4,1,8
2014-06-16 02:50,22,1,25,3,5,9,5,1,7
2014-06-16 03:00,32,1,27,4,4,8,4,2,11
2014-06-16 03:10,38,2,24,3,9,9,4,1,15
2014-06-16 03:20,21,1,32,2,12,6,5,2,11
2014-06-16 03:30,30,1,26,2,6,9,5,1,10
2014-06-16 03:40,24,1,23,1,7,26,1,1,12
2014-06-16 03:50,30,4,26,4,6,12,4,1,9
2014-06-16 04:00,25,3,17,2,11,9,3,1,8
2014-06-16 04:10,23,1,26,2,16,5,4,1,13
2014-06-16 04:20,34,1,34,2,12,8,3,2,12
2014-06-16 04:30,32,2,24,5,8,9,4,1,16
2014-06-16 04:40,37,1,32,1,8,7,4,1,15
2014-06-16 04:50,39,1,25,4,14,5,6,1,15
2014-06-16 05:00,34,1,35,2,14,4,7,2,13
2014-06-16 05:10,33,2,32,1,9,6,12,1,15
2014-06-16 05:20,38,3,33,4,10,10,8,3,16
2014-06-16 05:30,28,1,27,7,6,10,6,2,9
2014-06-16 05:40,28,1,22,1,8,6,10,2,12
2014-06-16 05:50,37,1,30,2,14,5,2,2,14
2014-06-16 06:00,38,1,23,4,13,11,6,1,20
2014-06-16 06:10,43,1,39,5,12,9,6,2,15
2014-06-16 06:20,42,1,45,4,10,10,6,1,14
2014-06-16 06:30,38,1,35,3,7,15,12,2,13
2014-06-16 06:40,44,1,43,8,13,7,6,1,15
2014-06-16 06:50,43,1,52,2,19,10,8,1,17
2014-06-16 07:00,40,1,47,2,13,8,5,1,13
2014-06-16 07:10,30,1,40,4,25,10,5,1,19
2014-06-16 07:20,52,1,37,6,22,6,17,1,17
2014-06-16 07:30,45,1,36,4,14,5,6,1,13
2014-06-16 07:40,41,2,48,3,26,13,8,1,10
2014-06-16 07:50,48,1,47,5,10,9,10,1,23
2014-06-16 08:00,38,1,41,4,10,4,10,1,18
2014-06-16 08:10,38,2,53,5,45,13,6,2,20
2014-06-16 08:20,37,1,35,3,109,13,15,1,35
2014-06-16 08:30,44,1,29,2,56,9,12,1,28
2014-06-16 08:40,42,1,52,4,31,6,10,1,23
2014-06-16 08:50,46,1,36,7,77,7,13,1,26
2014-06-16 09:00,50,1,62,7,15,8,6,1,21
2014-06-16 09:10,54,1,42,8,15,6,5,1,21
2014-06-16 09:20,43,1,52,5,20,7,14,1,32
2014-06-16 09:30,44,1,48,3,9,7,12,1,22
2014-06-16 09:40,63,1,39,1,13,11,13,1,20
2014-06-16 09:50,56,2,38,6,11,10,13,1,20
2014-06-16 10:00,53,1,40,4,11,6,12,1,24
2014-06-16 10:10,55,1,40,8,10,11,18,2,91
2014-06-16 10:20,67,1,58,6,11,11,10,1,69
2014-06-16 10:30,46,2,41,4,6,9,3,1,35
2014-06-16 10:40,45,2,40,4,10,13,7,1,48
2014-06-16 10:50,67,1,42,5,10,8,15,1,51
2014-06-16 11:00,60,1,42,5,12,11,12,1,47
2014-06-16 11:10,1,1,1,1,1,1,1,1,1
2014-06-16 11:20,1,1,1,1,1,1,1,1,1
2014-06-16 11:30,1,1,1,1,1,1,1,1,1
2014-06-16 11:40,51,2,45,6,13,8,11,1,24
2014-06-16 11:50,52,2,43,6,11,10,14,1,34
2014-06-16 12:00,65,2,39,3,10,12,9,1,22
2014-06-16 12:10,64,2,44,5,14,15,19,1,39
2014-06-16 12:20,83,1,58,4,16,10,14,1,33
2014-06-16 12:30,63,1,48,6,11,7,11,1,33
2014-06-16 12:40,83,1,37,2,9,13,9,1,26
2014-06-16 12:50,61,1,39,3,7,10,12,2,29
2014-06-16 13:00,68,1,47,4,12,12,15,1,27
2014-06-16 13:10,67,1,33,7,11,10,21,1,26
2014-06-16 13:20,87,2,48,6,15,9,13,2,29
2014-06-16 13:30,56,1,44,3,8,10,8,1,66
2014-06-16 13:40,63,1,33,5,14,10,16,1,44
2014-06-16 13:50,73,1,41,3,13,11,10,1,35
2014-06-16 14:00,47,1,29,4,9,18,14,1,37
2014-06-16 14:10,61,1,32,6,9,17,12,3,40
2014-06-16 14:20,56,1,40,5,10,16,18,1,50
2014-06-16 14:30,64,1,72,3,10,11,7,1,42
2014-06-16 14:40,63,2,38,4,14,16,20,1,28
2014-06-16 14:50,68,3,34,8,13,15,11,1,42
2014-06-16 15:00,49,1,26,10,5,18,16,1,30
2014-06-16 15:10,75,1,24,14,7,18,11,1,31
2014-06-16 15:20,51,1,38,16,13,10,13,1,34
2014-06-16 15:30,79,1,18,8,7,13,9,1,22
2014-06-16 15:40,72,2,20,12,12,14,12,1,20
2014-06-16 15:50,78,1,54,8,10,18,7,3,36
2014-06-16 16:00,93,1,23,3,15,12,10,1,34
2014-06-16 16:10,47,3,29,3,18,10,8,1,29
2014-06-16 16:20,66,1,33,5,12,9,7,1,41
2014-06-16 16:30,142,1,28,4,11,12,9,1,33
2014-06-16 16:40,91,1,74,6,14,9,7,1,26
2014-06-16 16:50,75,1,41,6,11,14,16,2,26
2014-06-16 17:00,48,1,38,3,7,10,10,2,22
2014-06-16 17:10,52,3,101,2,9,13,16,1,27
2014-06-16 17:20,62,1,105,6,8,15,11,2,21
2014-06-16 17:30,52,1,36,3,14,11,11,2,26
2014-06-16 17:40,40,1,35,3,9,22,6,3,17
2014-06-16 17:50,32,1,38,1,4,9,9,1,11
2014-06-16 18:00,78,1,37,2,13,14,9,1,26
2014-06-16 18:10,54,1,78,6,16,5,8,2,19
2014-06-16 18:20,67,1,119,7,9,14,10,1,29
2014-06-16 18:30,52,1,59,1,12,13,7,1,32
2014-06-16 18:40,70,1,35,7,11,9,13,1,24
2014-06-16 18:50,63,1,36,4,12,8,11,2,32
2014-06-16 19:00,58,1,33,2,9,10,9,1,18
2014-06-16 19:10,57,2,37,4,6,14,12,2,36
2014-06-16 19:20,80,1,66,6,16,21,12,2,32
2014-06-16 19:30,67,2,51,4,24,20,13,2,44
2014-06-16 19:40,68,1,48,8,23,11,7,1,38
2014-06-16 19:50,116,1,45,6,18,15,7,1,34
2014-06-16 20:00,50,1,38,2,18,6,9,2,27
2014-06-16 20:10,49,2,43,8,15,11,12,1,24
2014-06-16 20:20,60,1,35,7,12,10,12,2,17
2014-06-16 20:30,55,2,45,3,20,11,17,1,22
2014-06-16 20:40,51,2,50,6,14,11,23,2,39
2014-06-16 20:50,44,3,34,6,23,13,15,1,44
2014-06-16 21:00,51,1,36,5,12,14,7,1,20
2014-06-16 21:10,62,1,43,5,11,10,12,1,33
2014-06-16 21:20,44,1,44,10,15,14,17,1,32
2014-06-16 21:30,54,1,56,5,13,9,18,1,22
2014-06-16 21:40,59,2,18,2,9,8,9,1,17
2014-06-16 21:50,42,1,29,2,10,8,20,1,23
2014-06-16 22:00,42,1,28,5,10,8,4,1,18
2014-06-16 22:10,55,2,23,3,68,7,15,1,19
2014-06-16 22:20,52,1,28,3,64,11,18,1,21
2014-06-16 22:30,37,1,34,4,34,13,10,2,13
2014-06-16 22:40,33,1,24,3,19,12,7,3,20
2014-06-16 22:50,43,1,27,4,23,9,9,2,8
2014-06-16 23:00,29,1,29,4,21,8,15,1,16
2014-06-16 23:10,38,4,30,5,19,6,10,1,18
2014-06-16 23:20,45,1,37,6,30,7,13,1,19
2014-06-16 23:30,36,1,31,3,14,9,13,2,16
2014-06-16 23:40,42,1,34,4,21,13,17,1,20
2014-06-16 23:50,34,1,24,4,25,10,11,1,14
2014-06-17 00:00,35,1,25,4,23,8,9,1,13
2014-06-17 00:10,37,1,17,5,19,6,7,1,10
